{
  "mode": "sahi",
  "imgsz": null,
  "slice": 256,
  "overlap": 0.25,
  "conf": 0.25,
  "precision": 0.4725274725274725,
  "recall": 0.31773399014778325,
  "f1": 0.3799705449189985,
  "tp": 129,
  "fp": 144,
  "fn": 277,
  "map50_95": 0.07862482210407026,
  "map50": 0.20917008065835255
}