{
  "params": {
    "dilate_px": 25,
    "min_cov": 0.05,
    "conf": 0.25,
    "imgsz": 640,
    "boxes_kept": 253,
    "boxes_removed": 2
  },
  "baseline": {
    "precision": 0.5019607843137255,
    "recall": 0.31527093596059114,
    "f1": 0.3872919818456883,
    "tp": 128,
    "fp": 127,
    "fn": 278,
    "map50_95": 0.08768926932485312,
    "map50": 0.22779506354490336
  },
  "gated": {
    "precision": 0.5019762845849802,
    "recall": 0.312807881773399,
    "f1": 0.38543247344461307,
    "tp": 127,
    "fp": 126,
    "fn": 279,
    "map50_95": 0.08750781571112258,
    "map50": 0.22740775656704748
  },
  "delta": {
    "precision": 0.0,
    "recall": -0.0025,
    "f1": -0.0019,
    "map50": -0.0004,
    "map50_95": -0.0002
  }
}