{
  "mode": "full",
  "imgsz": 640,
  "slice": null,
  "overlap": null,
  "conf": 0.25,
  "precision": 0.5019607843137255,
  "recall": 0.31527093596059114,
  "f1": 0.3872919818456883,
  "tp": 128,
  "fp": 127,
  "fn": 278,
  "map50_95": 0.08768926932485312,
  "map50": 0.22779506354490336
}